GEOID,total_pop__estimate,median_age__estimate,pct_white_nh__estimate,pct_black_nh__estimate,pct_asian_nh__estimate,pct_hispanic__estimate,pct_other_nh__estimate,pct_under18__estimate,pct_65plus__estimate,pct_foreign_born__estimate,median_hh_income__estimate,pct_poverty__estimate,pct_bachelors_plus__estimate,pct_unemployed__estimate,pct_snap__estimate,pct_transit_commute__estimate,median_gross_rent__estimate,median_home_value__estimate,pct_renter__estimate,pct_rent_burdened__estimate,pct_no_vehicle__estimate,pct_vacant__estimate,pop_density__estimate,total_pop__moe,median_age__moe,pct_white_nh__moe,pct_black_nh__moe,pct_asian_nh__moe,pct_hispanic__moe,pct_other_nh__moe,pct_under18__moe,pct_65plus__moe,pct_foreign_born__moe,median_hh_income__moe,pct_poverty__moe,pct_bachelors_plus__moe,pct_unemployed__moe,pct_snap__moe,pct_transit_commute__moe,median_gross_rent__moe,median_home_value__moe,pct_renter__moe,pct_rent_burdened__moe,pct_no_vehicle__moe,pct_vacant__moe,pop_density__moe,total_pop__universe,median_age__universe,pct_white_nh__universe,pct_black_nh__universe,pct_asian_nh__universe,pct_hispanic__universe,pct_other_nh__universe,pct_under18__universe,pct_65plus__universe,pct_foreign_born__universe,median_hh_income__universe,pct_poverty__universe,pct_bachelors_plus__universe,pct_unemployed__universe,pct_snap__universe,pct_transit_commute__universe,median_gross_rent__universe,median_home_value__universe,pct_renter__universe,pct_rent_burdened__universe,pct_no_vehicle__universe,pct_vacant__universe,pop_density__universe,total_pop__share,median_age__share,pct_white_nh__share,pct_black_nh__share,pct_asian_nh__share,pct_hispanic__share,pct_other_nh__share,pct_under18__share,pct_65plus__share,pct_foreign_born__share,median_hh_income__share,pct_poverty__share,pct_bachelors_plus__share,pct_unemployed__share,pct_snap__share,pct_transit_commute__share,median_gross_rent__share,median_home_value__share,pct_renter__share,pct_rent_burdened__share,pct_no_vehicle__share,pct_vacant__share,pop_density__share,total_pop__share_moe,median_age__share_moe,pct_white_nh__share_moe,pct_black_nh__share_moe,pct_asian_nh__share_moe,pct_hispanic__share_moe,pct_other_nh__share_moe,pct_under18__share_moe,pct_65plus__share_moe,pct_foreign_born__share_moe,median_hh_income__share_moe,pct_poverty__share_moe,pct_bachelors_plus__share_moe,pct_unemployed__share_moe,pct_snap__share_moe,pct_transit_commute__share_moe,median_gross_rent__share_moe,median_home_value__share_moe,pct_renter__share_moe,pct_rent_burdened__share_moe,pct_no_vehicle__share_moe,pct_vacant__share_moe,pop_density__share_moe
3604103,154628,38.9,55515,13595,42742,35884,6892,17383,30496,49385,59411,38685,56767,5841,19576,31802,1412,842700,61209,29175,61050,8583,91725.1289364327,4886,1.3,3219,1690,2267,2077,1196.4656284239845,1699,2067.078372969927,2545,5467,3802,3235.780431364279,773,1345,1917,59,70891,1560,1901.9600416412538,2075.9684487005097,1055,NA,NA,NA,154628,154628,154628,154628,154628,154628,154628,154628,NA,148297,117520,81237,73868,73793,NA,NA,73868,58103,73868,82451,NA,NA,NA,35.90229453915203,8.79206870683188,27.64182424916574,23.20666373489924,4.457148769951108,11.241819075458519,19.72217192229092,31.937941381897197,NA,26.08616492579081,48.304118447923756,7.190073488681266,26.501326690853954,43.09622863957286,NA,NA,82.8626739589538,50.21255356866255,82.64742513673039,10.409819165322434,NA,NA,NA,1.745502366597217,1.0570471933506187,1.1775200083049873,1.1254022214956412,0.7608449158513347,1.0397610359313327,1.1826616949004025,1.3001839264664674,NA,2.414478016792077,2.1459753555435523,0.9100746480609722,1.7036721343408987,1.8720663359356762,NA,NA,0.65084310585983,10.431734613053226,1.9704658094436198,1.259159059337041,NA
3604104,117703,38.4,63131,7976,17400,21103,8093,9647,19115,33577,116564,14001,74422,4764,6645,26734,2667,910300,54324,24454,58247,12756,68284.9866113307,3557,1.2,3399,1424,1737,2148,1301.8805628781774,898,1705.9891558858162,2345,6303,1232,3327.6210721775396,662,1091,2086,142,61643,1978,1791.6110068873768,2167.2713258842327,1248,NA,NA,NA,117703,117703,117703,117703,117703,117703,117703,117703,NA,116070,99559,81080,68730,75279,NA,NA,68730,52848,68730,81486,NA,NA,NA,53.635846155153224,6.776377832340722,14.78297069743337,17.92902474873198,6.875780566340705,8.196052776904581,16.24002786674936,28.526885465960934,NA,12.062548462134918,74.75165479765766,5.875678342377898,9.668267132256657,35.513224139534266,NA,NA,79.03972064600612,46.27232818649713,84.74756292739706,15.654222811280466,NA,NA,NA,2.389978221880668,1.1923673039448246,1.4065039686501857,1.7426449818900842,1.0863797838644722,0.721612749074488,1.3637830215005065,1.7961284138265956,NA,0.9954790499023637,2.2181287242346936,0.7932905012957826,1.560303191021495,2.4495753416412285,NA,NA,1.6088037281792966,10.592368691100726,1.8431075970266337,1.4830705726485074,NA
3604107,221194,42.7,137837,14230,24093,32760,12274,33954,48813,51435,147384,24399,136640,8218,7035,53153,2782,1309200,70300,29772,79764,21878,66506.40774979399,6236,1.1,5313,1665,2423,3430,1907.2128879598104,2631,2387.63858236543,3815,5623,2397,4423.286900032599,1377,931,2766,119,142430,2541,2028.8159108208906,2983.154370796121,1632,NA,NA,NA,221194,221194,221194,221194,221194,221194,221194,221194,NA,216721,175134,126600,108667,116488,NA,NA,108667,67156,108667,130545,NA,NA,NA,62.314981419025834,6.4332667251372095,10.892248433501813,14.810528314511243,5.548975107823901,15.350325958208632,22.06795844371909,23.253343219074658,NA,11.258253699456905,78.02025877328217,6.4913112164296995,6.473906521759136,45.62959274775084,NA,NA,64.6930530887942,44.332598725355886,73.40222882751894,16.75897200199165,NA,NA,NA,1.6379996628031364,0.730555888222038,1.051496124921185,1.493401829090161,0.847924880144126,1.1079331418270781,0.8821014214450588,1.595281940110451,NA,1.0572706294070442,1.4713633289214993,1.065203121468781,0.8401597058832437,1.7565003494201152,NA,NA,1.6301246473818916,8.146935060322312,1.9794186866249626,1.2034352819299463,NA
3604108,211810,41.8,154302,6738,21542,19793,9435,29821,49767,49090,154152,15741,139337,6267,4974,47691,2843,1374500,69749,28590,80254,30346,106951.41438886037,5236,1,4291,1461,2004,2075,1102.6250495975503,1964,2343.0697812912017,2982,7446,2017,4628.091291234433,1053,868,2638,88,101601,2734,2060.1992622074204,3027.093655637367,2304,NA,NA,NA,211810,211810,211810,211810,211810,211810,211810,211810,NA,209363,171186,127090,110965,119106,NA,NA,110965,66763,110965,141311,NA,NA,NA,72.84925168783343,3.181152920069874,10.170435767905198,9.344695717860347,4.454463906331146,14.079127519947123,23.496057787639867,23.176431707662527,NA,7.51852046445647,81.39509072003551,4.9311511527264145,4.482494480241518,40.04080398972344,NA,NA,62.85675663497499,42.82312059074637,72.32370567295995,21.47461981020586,NA,NA,NA,0.9279475668952684,0.6852717500923158,0.9121150426905148,0.9520265983777609,0.5087931898896196,0.8594496223154606,0.9414590146716072,1.286016848873433,NA,0.9449848316903351,1.640829096517724,0.8116861114748899,0.7730483472587333,1.791225689282723,NA,NA,1.8063644448165388,7.972888989270423,1.9299969164045911,1.5815427986491775,NA
3604109,112952,34.9,27525,25306,11812,42675,5634,15988,17024,38755,63429,25132,38560,6803,9603,25756,1713,738200,34372,16815,31808,4837,73846.92933577712,4005,0.9,1697,2274,1254,2708,1064.261715932693,1611,1387.3719760756305,2181,4530,2560,2405.951994533557,997,984,1758,64,61291,1346,1250.6310407150463,1588.094770471838,838,NA,NA,NA,112952,112952,112952,112952,112952,112952,112952,112952,NA,100502,79405,60360,41053,52332,NA,NA,41053,32112,41053,45890,NA,NA,NA,24.368758410652312,22.40420709681989,10.457539485799277,37.781535519512715,4.987959487215808,14.154685176003966,15.071888943976202,34.31103477583398,NA,25.00646753298442,48.561173729614005,11.270709078860172,23.391713151292233,49.21654054880379,NA,NA,83.72591528024749,52.3636023916293,77.48033030472803,10.540422750054478,NA,NA,NA,1.2290797233813209,1.8498879426920511,1.0464540028585507,1.9882825295969373,0.9254770524417545,1.3350471874127343,1.1059324890057474,1.4994431228415417,NA,2.3484048522303156,2.3457527721273355,1.552719073752939,2.285777721855462,2.1483974546508833,NA,NA,2.020719066338441,19.09088734291916,3.042288907996242,1.8083819242091106,NA
3604110,135011,38.7,21322,66545,5521,33359,8264,25877,16857,33228,57391,34943,42175,8471,15518,35383,1381,918800,49085,24252,44992,7294,98481.50733923825,4216,0.8,1795,2873,1161,2844,1229.9345511042447,1757,1319.9439382034375,2864,3653,2968,2196.3412758494524,1132,1106,2216,47,93514,1612,1527.661611745219,1796.7849064370505,780,NA,NA,NA,135011,135011,135011,135011,135011,135011,135011,135011,NA,134342,98981,71393,58715,61475,NA,NA,58715,46415,58715,66009,NA,NA,NA,15.792787254371866,49.28857648636037,4.089296427698484,24.708357096829147,6.120982734740132,19.16658642629119,12.485649317463022,24.611327965869446,NA,26.010480713403105,42.60918762186682,11.865308923844074,26.429362173209572,57.55673037820252,NA,NA,83.59873967469981,52.250350102337606,76.62777825087286,11.050008332197125,NA,NA,NA,1.2346730016091398,1.4694655520803246,0.8503957975904718,1.9601023121043684,0.8907105010956075,1.1555759999677475,0.8965477432326077,1.9771941066360927,NA,2.0523425390337873,1.8506448833757634,1.5059269526557815,1.7322278996964549,2.4440719222995666,NA,NA,1.4347592313367712,13.315401755313475,2.1820430490241236,1.1557499206498347,NA
3604111,127516,38,18594,39113,11637,52220,5952,24867,19757,32432,42218,39594,32294,6774,18118,29899,1306,751600,50353,25878,45763,5457,53667.74902367384,4267,0.9,1516,3040,1812,3122,1461.4834928934367,2089,1666.449519187425,2495,4269,3279,2136.799241856848,790,1325,2244,53,68838,1674,1764.7591903713096,1691.4473092591445,736,NA,NA,NA,127516,127516,127516,127516,127516,127516,127516,127516,NA,124293,92697,59863,55101,51780,NA,NA,55101,47459,55101,60558,NA,NA,NA,14.58169955142884,30.67301358260924,9.125913610840993,40.95172370526052,4.66764954986041,19.501082217133536,15.49374196179303,25.43367106872863,NA,31.855373995317517,34.83823640463014,11.315837829711175,32.881435908604196,57.74237157203554,NA,NA,91.3830964955264,54.5270654670347,83.05293914810983,9.011195878331517,NA,NA,NA,1.0841253469319532,2.1517526065820674,1.3877973522525395,2.0288973501811025,1.1354251253359806,1.5026498563730357,1.1996128691363888,1.7618243346051012,NA,2.3998401781391525,1.9745327999479954,1.2338236665918867,2.1962476503180506,3.3485424452849757,NA,NA,1.3501867387943078,13.683170986318663,1.818023256302821,1.1904279756786198,NA
3604112,197225,39.5,40116,14158,6969,128897,7085,32855,34519,84056,64925,38260,58542,13417,22798,51348,1652,591800,65836,34863,57167,6177,67647.2524407596,5193,0.9,2225,1341,1220,4748,1203.8247380744424,2411,1969.6514920157829,4296,4054,3418,2694.338323225203,1525,1455,2691,32,42018,1729,1977.3039725848932,1810.306603865765,816,NA,NA,NA,197225,197225,197225,197225,197225,197225,197225,197225,NA,194024,148376,108134,75402,91960,NA,NA,75402,63023,75402,81579,NA,NA,NA,20.3402205602738,7.17860311826594,3.5335276967930027,65.3553048548612,3.592343769806059,16.65863861072379,17.50234503739384,42.619343389529725,NA,19.71920999463984,39.4551679516903,12.407753343074333,30.23527227394499,55.83732057416268,NA,NA,87.31333386382325,55.31789981435349,75.81629134505717,7.5718015665796345,NA,NA,NA,0.9929248864354128,0.6531337422714898,0.6115459733849109,1.6835505274290077,0.6030080026409942,1.1410602123203346,0.8859970559030267,1.8669127954911806,NA,1.6802075380106474,1.5224570227992538,1.3586944632623026,1.8088443583538831,2.235942552596818,NA,NA,1.221268625714179,10.53793477487811,1.7100482703195314,0.9899652058099342,NA
3604121,155522,35.8,101733,5984,26282,13205,8318,17870,21682,36174,183457,10957,101083,4892,2637,36693,3501,1561500,53856,22054,60772,18992,52404.871179744885,4442,0.7,3711,1175,2334,1788,1339.3360295310508,1477,1575.558313741513,2383,5051,1553,3480.717598427083,795,506,2228,NA,158700,2177,1524.4989340763739,2320.0797400089505,1617,NA,NA,NA,155522,155522,155522,155522,155522,155522,155522,155522,NA,146499,120339,104538,78563,97752,NA,NA,78563,52317,78563,97555,NA,NA,NA,65.41389642622909,3.8476871439410503,16.89921683105927,8.490760149689432,5.348439449081159,11.49033577243091,13.941435938323838,23.259731742132946,NA,7.479231940149762,83.99853746499473,4.679638026363619,3.3565418835838754,37.53682789098944,NA,NA,68.55135369066863,42.15455779192232,77.35447984420146,19.46799241453539,NA,NA,NA,1.4842642437802878,0.7474846250612517,1.4210151092703012,1.1238078732471009,0.8475304433498653,0.8911978354867527,0.931540559002418,1.3807491602433175,NA,1.0352542129352431,1.107484978382483,0.7454845552098581,0.6362625750981812,1.870116937714624,NA,NA,1.8733973203675605,9.683787780806567,1.8473313851434598,1.591786658503299,NA
3604165,195916,38,122001,9993,33701,18206,12015,17918,37663,51892,154348,19131,130082,6542,5235,38107,3279,1013700,74215,31694,87531,28871,66176.57314505987,5498,0.9,4233,1464,1914,1668,1690.6986721471096,1681,2329.698049104218,2758,7143,2242,4304.244416851812,856,924,1806,94,57683,2952,2214.8295645489293,3497.94568282585,1858,NA,NA,NA,195916,195916,195916,195916,195916,195916,195916,195916,NA,188411,158530,129034,107217,120728,NA,NA,107217,71197,107217,136088,NA,NA,NA,62.2720962044958,5.10065538291921,17.201759937932582,9.292758120827294,6.132730353825108,9.14575634455583,19.224055207333755,26.486861716245738,NA,10.153865750938108,82.0551315208478,5.069981555249004,4.882621226111531,31.564342985885627,NA,NA,69.21943348536146,44.51592061463264,81.63910573882873,21.214949150549643,NA,NA,NA,1.2705767895393931,0.7334214452176537,0.8493515277406944,0.8104622609655298,0.8456357537952451,0.8187346598488316,1.0597113025813825,1.1955130076084448,NA,1.1515238149177325,1.3171109896000404,0.6432572743100567,0.8494714389828004,1.104224486446846,NA,NA,1.8273540711567167,7.812257755440139,2.178043113222908,1.3048030916111606,NA
3604204,146986,35.6,5586,48213,1592,87875,3720,36388,18786,56988,44672,45708,18005,8280,26247,36485,1430,278500,52292,30703,42937,1323,70855.1208175055,4609,1.1,1069,4414,502,4020,813.8476515908859,2650,1462.6742631221757,3366,3628,3716,1354.730600525433,1225,1593,2222,30,64791,1424,1744.844978787514,1938.2404391612513,366,NA,NA,NA,146986,146986,146986,146986,146986,146986,146986,146986,NA,144649,97146,68310,56787,57940,NA,NA,56787,49909,56787,58110,NA,NA,NA,3.800361939232308,32.80108309634931,1.0830963493121795,59.78460533656266,2.530853278543535,24.75609922033391,12.78080905664485,38.77103941872015,NA,31.599250599727615,18.533959195437795,12.121212121212121,46.22008558296793,62.97031411805316,NA,NA,92.08445594942505,61.51796269209962,75.61061510556993,2.2767165720185853,NA,NA,NA,0.7174508078411638,2.8213769829678306,0.3398362865425776,1.9913975427518562,0.5479738819182854,1.6272144589869058,0.9108426814632689,1.9406590704448827,NA,2.371817536909197,1.2703709785059414,1.7271739700959299,2.5712468278982423,2.5712925540443226,NA,NA,1.137982746765626,14.553370687401864,2.87808433885012,0.6274606658906958,NA
3604205,131607,34.1,2202,36359,922,88455,3669,35529,12738,57805,36633,46018,10787,7923,24762,31665,1456,548100,45185,27156,35892,718,92422.12502747164,4273,0.7,573,2848,338,4706,1014.428410485432,2186,1143.0538045079068,3084,2348,3692,1157.5962163034224,1049,1281,2141,37,144668,1157,1617.623565604804,1456.9958819433912,213,NA,NA,NA,131607,131607,131607,131607,131607,131607,131607,131607,NA,130164,84149,60521,47289,49531,NA,NA,47289,41976,47289,48007,NA,NA,NA,1.6731632815883655,27.626949934274013,0.700570638339906,67.21147051448631,2.7878456313114044,26.99628439216759,9.678816476327247,43.92243573670093,NA,35.35386128268953,12.818928329510749,13.09132367277474,52.36312884603185,63.92966021279603,NA,NA,95.55076233373512,64.69411092052601,75.8992577555034,1.4956152227800112,NA,NA,NA,0.43198482489704454,1.9693624304221558,0.25581599632099533,2.8327145335965627,0.7654681800605839,1.410910030303435,0.8096918161319349,1.859455160812338,NA,2.5922324682198723,1.303711991037192,1.6009336223374395,2.3926801011948635,2.5520460365976683,NA,NA,0.7841493726200801,18.07980865354779,2.4705801802906584,0.44230129588836525,NA
3604207,127686,35.7,7236,17742,6725,93446,2537,30393,15540,56566,44354,35804,17136,7138,20467,31670,1589,250900,46901,28372,35662,2615,77324.4363355087,4879,0.7,1111,1884,963,4479,616.781971202142,2105,1311.3912459674268,2596,2580,3104,1295.3184936532018,979,1184,1691,31,28189,1504,1698.2835452303011,1495.803797294284,437,NA,NA,NA,127686,127686,127686,127686,127686,127686,127686,127686,NA,125851,86021,61782,50347,52041,NA,NA,50347,44848,50347,52962,NA,NA,NA,5.667026925426437,13.895023730087871,5.266826433594913,73.18421753363721,1.9869053772535752,23.802922794981438,12.170480710492928,44.30086305468102,NA,28.44951569713391,19.920717034212576,11.553526917225081,40.65187598069399,60.855863645971446,NA,NA,93.1555008242795,63.2625758116304,70.83242298448765,4.937502360182773,NA,NA,NA,0.8427271413496029,1.37665723926321,0.7268471139436339,2.1177277910783148,0.47704219550500604,1.3749738310103246,0.9157248425768323,1.126078474244416,NA,2.214790088977572,1.317966729628975,1.5174872715854928,1.9650457754426538,1.7865614869237572,NA,NA,0.39952807082023895,16.604843720038893,1.9389957460596439,0.8123016868641336,NA
3604208,97765,42.4,33040,13029,4025,43675,3996,20619,21681,30558,80479,12937,31830,3784,7217,19767,1685,392100,24338,12328,18983,1815,18642.610067475227,3283,1.2,1582,1314,690,3195,768.3684012243085,1685,1254.1654595785997,2164,4683,2299,1547.869180518819,621,750,1326,42,22776,1053,1191.2304562929878,909.1760005631473,375,NA,NA,NA,97765,97765,97765,97765,97765,97765,97765,97765,NA,92890,69442,47173,40748,42014,NA,NA,40748,23095,40748,42563,NA,NA,NA,33.79532552549481,13.326855214033651,4.117015291771084,44.67345164424896,4.087352324451491,21.09036976423055,22.176648084692886,31.256584667314478,NA,13.927225750888148,45.83681345583364,8.021537744048503,17.711298714047317,47.04860284667016,NA,NA,59.7280848139786,53.37951937648842,46.58633552566997,4.264267086436576,NA,NA,NA,1.1534917439293202,1.2673456244906482,0.6921008041304342,2.903380135903909,0.7738560846188086,1.5712860787148015,1.0445511696841951,1.9487862339429296,NA,2.425862879107988,1.6520635703830298,1.2693449782123014,1.7533749697848902,2.3238908941231293,NA,NA,1.7645532685364582,26.98798265530118,1.6762881017156241,0.8712768789650951,NA
3604209,168884,36.2,3754,44778,17246,96086,7020,40329,25693,58678,48762,44929,23077,7633,21425,34097,1489,539400,48935,27382,37053,4450,41884.45806386253,4608,1,919,3140,1521,4031,1161.7667580026553,2440,1464.8481149934964,2551,2435,2956,1657.7267567364654,788,1066,1889,37,28093,1474,1607.086494249765,1649.6293523091786,647,NA,NA,NA,168884,168884,168884,168884,168884,168884,168884,168884,NA,167412,111760,74334,63394,65058,NA,NA,63394,45830,63394,67844,NA,NA,NA,2.2228275029013997,26.514056985860115,10.21174297150707,56.89467326685772,4.156699272873689,23.87970441249615,15.213400914236992,34.74455839511144,NA,26.837383222230187,20.648711524695777,10.268517771141067,33.79657380824684,52.41015709059609,NA,NA,77.1918478089409,59.746890682958764,58.4487490929741,6.559165143564648,NA,NA,NA,0.5407700374683528,1.712747555205552,0.8564343901439863,1.8130567347787192,0.6784942915119598,1.2895184748029567,0.7615928009418809,1.1759715418521364,NA,1.608225326048842,1.393825954988891,1.015707286087925,1.513616732634281,2.3054879629386535,NA,NA,1.6146736834519344,15.347629130207707,2.2730032282832884,0.9455824644726805,NA
3604210,127088,40.5,27873,30575,9816,54807,4017,26776,24986,33608,69626,17588,26341,4612,9615,20473,1642,496500,28623,14883,18254,2954,13018.286328450715,4131,0.9,1877,2795,1233,3339,873.2680001007709,1924,1553.2327578312272,2161,3385,1937,1575.5916349105182,825,960,1257,48,32092,1265,1180.6125528724485,1083.4781954428063,506,NA,NA,NA,127088,127088,127088,127088,127088,127088,127088,127088,NA,124253,89934,60484,50776,54398,NA,NA,50776,27423,50776,53730,NA,NA,NA,21.932047085484076,24.05813294724915,7.723781946367871,43.12523605690545,3.1608019639934533,21.06886566788367,19.660392798690673,26.444668261362207,NA,14.154990221564066,29.289256565926124,7.6251570663315915,18.936111548763193,37.635574837310195,NA,NA,56.37112021427446,54.2719614921781,35.9500551441626,5.49785966871394,NA,NA,NA,1.2934802432803683,2.055533889463812,0.9371468056960061,2.222108844703674,0.6794119641665046,1.3501543498934843,1.0417783602369917,1.467127237160425,NA,1.4853174974815753,1.5387225013873334,1.334524201888764,1.8423225881008995,1.7917889248902439,NA,NA,2.146570445172073,23.087613094380394,1.9755875156596059,0.934416635841843,NA
3604211,113929,38.5,22841,24992,10460,51446,4190,25616,18599,38015,64010,20992,21500,4828,11821,21016,1634,660300,30040,16734,19906,3098,31316.728932428156,3615,1.1,1933,2271,1119,2905,796.8845587661992,1978,1064.6219986455287,2122,3311,1950,1215.9243397514501,640,867,1220,36,17776,1061,1134.0886208758116,1030.6124392806444,533,NA,NA,NA,113929,113929,113929,113929,113929,113929,113929,113929,NA,110406,78232,54877,42901,48598,NA,NA,42901,28612,42901,45999,NA,NA,NA,20.048451228396633,21.93646920450456,9.181156685304005,45.156193769804,3.6777291119908013,22.484178742901282,16.32507965487277,33.367272599601506,NA,19.013459413437676,27.482360159525513,8.797857025712046,27.554136267219878,43.24457796617145,NA,NA,70.02167781636791,58.48594995106948,46.39985081932822,6.734929020196091,NA,NA,NA,1.572899707613304,1.8678717612638323,0.9379929210347758,2.1091897337715335,0.689653909354362,1.5828143441260256,0.7777491729336226,1.5323787406612177,NA,1.654402629579867,1.3245157358899018,1.102116192904252,1.89698284479611,1.7094720506894263,NA,NA,1.726355257850833,23.761018822522235,2.096184346329893,1.1491702592081767,NA
3604212,158428,37.9,9192,91033,3354,45505,9344,36336,25348,60356,67446,33522,29622,7854,16525,29074,1575,596500,34759,18648,24812,3644,29411.27896286718,4837,1,849,3754,695,3540,1418.0782771060278,2351,1410.5966822589653,3289,4655,3077,1745.256714641144,772,1026,1929,42,16379,1279,1265.2679558101518,1470.7566080082727,453,NA,NA,NA,158428,158428,158428,158428,158428,158428,158428,158428,NA,155800,108088,75631,57533,65911,NA,NA,57533,32682,57533,61177,NA,NA,NA,5.802004696139571,57.46017118186179,2.1170500164112402,28.72282677304517,5.897947332542228,22.935339712677052,15.999697023253466,38.096801070517834,NA,21.51604621309371,27.40544741321886,10.384630640874773,28.72264613352337,44.11099816419111,NA,NA,60.415761389115815,57.05893152193868,43.126553456277264,5.956486915017082,NA,NA,NA,0.5057655926958332,1.5927978259786135,0.43389719110611985,2.055177262979867,0.8767930818520133,1.3083503039113453,0.7444041006155373,1.7195837228603312,NA,1.8617725868525794,1.4125537773927686,0.9549412346302146,1.6184744289747144,2.3650109751977912,NA,NA,1.5687326339287564,20.381139325078777,2.2958147226220005,0.7269478435064961,NA
3604221,154955,33.9,3411,38102,1136,107792,4514,42209,19545,40314,31872,58418,14552,9724,31253,28957,1156,477700,53408,31436,44021,1786,31355.93787200728,4708,0.8,951,2664,372,4567,960.4488534013667,2903,1397.6201200612418,2282,2040,3932,1295.7754435086351,935,1478,1686,37,186319,1398,1804.2544166497141,1595.295583896602,348,NA,NA,NA,154955,154955,154955,154955,154955,154955,154955,154955,NA,150830,97422,61442,57981,49666,NA,NA,57981,51018,57981,59767,NA,NA,NA,2.20128424381272,24.589074247362138,0.733116065954632,69.56342163854022,2.9131038043302895,27.23952115130199,12.613339356587396,26.016585460294923,NA,38.73102168003713,14.937077867422143,15.826307737378341,53.90214035632362,58.303467160633026,NA,NA,92.11293354719649,61.61746834450586,75.92314723788827,2.988271119514113,NA,NA,NA,0.6100714239410786,1.5483976051245303,0.23903413220744413,2.054152295306169,0.6134724357323482,1.6807294040461056,0.8164873952727019,1.2425668178026408,NA,2.303141708144833,1.2623832224712557,1.3811905028929987,2.3259348403149875,2.108978261638259,NA,NA,1.6236656349417937,14.287096597316756,2.3263080678704817,0.5798440765919373,NA
3604263,177451,32,7228,57975,1391,104741,6116,47297,20298,52465,33377,66531,15504,11000,36943,33086,1229,561000,62444,35327,48700,2912,40054.27755178546,5159,0.6,936,3803,509,4495,1506.3747873620296,2609,1487.8723063489017,3548,2422,4259,1354.5397742406828,950,1806,1965,42,63553,1667,1925.018441470107,1869.553155168368,500,NA,NA,NA,177451,177451,177451,177451,177451,177451,177451,177451,NA,172712,108437,73887,66344,60730,NA,NA,66344,58912,66344,69256,NA,NA,NA,4.073237118979324,32.67099086508388,0.7838783664222799,59.025308394993544,3.4465852545209663,26.65355506590552,11.438650669762357,29.565908335258747,NA,38.521353467043404,14.29770281361528,14.887598630340927,55.68401061135898,54.480487403260334,NA,NA,94.12154829374171,59.96571156979902,73.40528156276378,4.204689846367102,NA,NA,NA,0.5140045957111675,1.9211457670968637,0.28593299395794386,1.8632761812567626,0.8429616377598746,1.2494874008192185,0.7697005252731589,1.805228668603042,NA,2.1780879251891085,1.1931416013309464,1.1661069515927884,2.3244318240051536,2.30961084047634,NA,NA,0.7606890601333604,12.115263445415394,2.1101633131433344,0.7159268573254748,NA
3604301,208119,31.9,123802,14637,13895,44380,11405,50858,19511,43246,104479,44025,78340,8664,17626,47134,2435,1171200,71818,30315,57232,4694,44071.2760942469,5653,0.5,4638,1520,1391,2519,1391.7697367021601,3663,1331.2764551361975,2344,3806,3642,2320.035560072302,910,1022,1966,69,47725,1489,1635.7939968101118,1529.496976133003,569,NA,NA,NA,208119,208119,208119,208119,208119,208119,208119,208119,NA,207274,141943,118896,85708,108259,NA,NA,85708,69878,85708,90402,NA,NA,NA,59.48615936075034,7.0329955458175375,6.676468751051082,21.324338479427634,5.480037862953407,24.436980765811867,9.374924922760536,20.779457906293995,NA,21.240001157887626,55.191168285861224,7.287040775131207,20.56517477948383,43.53818158305545,NA,NA,83.79381154618005,43.38275279773319,66.77556354132636,5.192363000818566,NA,NA,NA,1.5347969065715787,0.7049252963469582,0.6432946262241531,1.0627743360960589,0.6519611036874093,1.630090093470676,0.586800371164982,0.9746461753113975,NA,1.6595026384671685,1.1716382073859366,0.7494647268095717,1.1441256015063936,1.5553447506934648,NA,NA,1.0699353578031485,7.490753205804578,1.4123976570656593,0.6242975330372597,NA
3604302,128393,35.5,62452,22925,14994,17783,10239,20094,16613,27326,146067,14891,70475,5106,6699,32551,2944,1053700,41692,16225,41897,6151,47146.42718859442,3370,0.4,2186,1575,1048,1753,1246.6587343776164,1531,1070.536781245745,1600,8061,1452,2181.4339320731215,802,728,1410,72,47415,1409,1128.266812416283,1551.5315014526775,676,NA,NA,NA,128393,128393,128393,128393,128393,128393,128393,128393,NA,122267,96788,79975,61250,73504,NA,NA,61250,40264,61250,67401,NA,NA,NA,48.64128106672482,17.855334792395222,11.678206755820021,13.850443560007166,7.974733825052768,15.650385924466287,12.93917892720008,21.283091757338795,NA,12.179083481233693,72.81377856759103,6.384495154735855,10.937142857142858,44.28466478014802,NA,NA,68.06857142857143,40.296542817405125,68.40326530612245,9.12597735938636,NA,NA,NA,1.1264091701269228,1.1336480539955471,0.7565031417077976,1.3160508600655592,0.9481407769204873,1.1194427033426688,0.7614948203553401,1.1139493783155896,NA,1.1394262002064215,1.3580212297258802,0.9897757233303748,1.1647481392198507,1.5374802588828755,NA,NA,1.7664473426300773,11.807868574036519,2.0551668389399316,0.9888229281087723,NA
3604303,182837,33.1,52291,76247,7790,33973,12536,40978,18356,35630,81363,46900,58481,8858,18093,42971,2089,1237000,55721,26857,44495,4811,65184.65898361474,4567,0.5,2826,3832,1208,2005,1558.9631169466454,2363,1277.72101806302,1991,3962,3450,2293.908890954477,1094,1307,2026,52,87175,1718,1470.9282783331075,1877.508189063366,515,NA,NA,NA,182837,182837,182837,182837,182837,182837,182837,182837,NA,182102,127115,99095,71580,88246,NA,NA,71580,53369,71580,76391,NA,NA,NA,28.599791070735137,41.702171879871145,4.260625584537046,18.581031191717212,6.856380273139463,22.41231260631054,10.03954341845469,19.48730289820988,NA,25.75479676225412,46.00637218266924,8.938897018013018,25.27661357921207,48.69455839358158,NA,NA,77.84436993573624,50.323221345725045,62.16121821737916,6.297862313623333,NA,NA,NA,1.3706421852933126,1.8186693545373933,0.6520701275726939,0.9935437226484538,0.8352750717958142,1.1648658719621445,0.6522861064922504,0.9740988141656727,NA,1.782007721884257,1.4389411688613676,1.0762984765743568,1.7340020860556682,1.8854416051660987,NA,NA,1.6299337728811667,11.153104590409171,2.2137500328948168,0.6605334976466126,NA
3604304,112557,32.8,28867,19125,6735,52092,5738,15981,11608,34037,85568,23613,36438,6426,10579,34966,2193,1002300,38357,20312,29772,2725,55387.53833397802,4200,0.5,1843,1867,930,3500,1196.3055629729388,1656,1003.4565262132685,2501,5147,1859,1720.346186091625,714,983,1863,68,73262,1237,1332.9703672625285,1281.0386411033821,410,NA,NA,NA,112557,112557,112557,112557,112557,112557,112557,112557,NA,112206,83692,71146,45491,62621,NA,NA,45491,37062,45491,48216,NA,NA,NA,25.646561297831322,16.991391028545536,5.983634958287801,46.28055118739839,5.097861527936956,14.19813960926464,10.312996970423875,30.239789617704808,NA,21.04432918025774,43.538211537542416,9.032131110673825,23.255149370205096,55.83749860270516,NA,NA,84.31777714273153,54.80546111920565,65.44591237827262,5.6516509042641445,NA,NA,NA,1.3286199314961045,1.5327587707957018,0.7955084420433174,2.5859073223815563,1.0456829047525635,1.3725548350782824,0.8041767754475639,1.914151586240448,NA,1.4555014505343327,1.2693234437825234,0.9466692096652969,2.0739194599253192,2.061132143623995,NA,NA,1.59802040550391,17.32580324190196,2.2391555410253705,0.8393799488406765,NA
3604305,198737,37,6489,94307,13671,70660,13610,48465,30617,75785,55739,42644,23855,7875,27108,40405,1493,655400,54687,27696,43478,6376,33485.282310619354,5003,0.9,986,3792,1919,4003,1932.5666870770592,2691,1679.2525122803895,4295,3147,3958,1635.862158007208,904,1601,1706,45,17991,1627,1737.8503963229975,1853.00431731823,625,NA,NA,NA,198737,198737,198737,198737,198737,198737,198737,198737,NA,196964,132800,89264,71948,79176,NA,NA,71948,50776,71948,78324,NA,NA,NA,3.2651192279243424,47.45316674801371,6.878940509316332,35.5545268369755,6.848246677770118,24.386500752250463,15.405787548367943,38.13331186442384,NA,21.65065697284783,17.963102409638555,8.822145545796738,37.67721131928615,51.03187834697383,NA,NA,76.00906210040584,54.54545454545455,60.42975482292767,8.140544405290843,NA,NA,NA,0.48927686117424357,1.487823739956173,0.9499426682699307,1.8044304311580932,0.9570203254399312,1.206886137018909,0.7507016461209755,1.9362392765709058,NA,1.9340968837050179,1.150606842157798,0.9828152275544767,2.067345005333858,1.5618423325086535,NA,NA,1.5348296993222033,12.779001437126297,2.211287871815304,0.7855346997558608,NA
3604306,120019,37.6,73333,10356,9033,18247,9050,24708,15538,20583,170965,10081,68689,4543,4779,28528,2751,1628400,32817,10891,29278,4305,29357.768775341887,3499,0.6,2613,1546,1034,1761,851.6390080309849,1539,997.5429815301193,1478,8593,1300,2158.0523626640756,657,555,1036,85,79507,1171,881.4380295857446,1292.6039610027503,536,NA,NA,NA,120019,120019,120019,120019,120019,120019,120019,120019,NA,119163,90946,74216,52116,68260,NA,NA,52116,31359,52116,56421,NA,NA,NA,61.101158983161,8.628633799648389,7.526308334513702,15.203426124197001,7.540472758479908,20.586740432764813,12.94628350511169,17.14978461743557,NA,8.459840722371878,75.52723594220747,6.121321547914197,9.169928620769054,41.793143861705246,NA,NA,62.96914575178448,34.73006154532989,56.17852482922711,7.630137714680704,NA,NA,NA,1.25175201437682,1.2633275503745576,0.8331202239058634,1.3987193989935622,0.674675472491936,1.1331678924237871,0.7405148220113473,1.125407719120748,NA,1.0630925487530067,1.286401581106889,0.8657422105600896,1.039804932413082,0.7413844390412057,NA,NA,1.5983712321369872,13.000851862458552,2.041239759348126,0.9364792027670373,NA
3604307,120461,37.6,34237,3547,28826,49688,4163,28065,16056,48262,89890,22418,33905,4315,8102,27173,2022,1114600,28126,14103,23632,3541,31817.683124289975,3611,0.9,1610,681,1954,3207,652.5802632626886,1446,1017.5937303265974,2502,3056,1932,1646.995446259643,562,611,1362,47,45882,1187,969.6055899178799,1170.3952323894694,474,NA,NA,NA,120461,120461,120461,120461,120461,120461,120461,120461,NA,117928,84704,64434,41131,57768,NA,NA,41131,27255,41131,44672,NA,NA,NA,28.421646840056116,2.9445214633781887,23.929736595246595,41.24820481317605,3.4558902881430504,23.29799686205494,13.328795211728277,40.06441918961323,NA,19.009904348415983,40.02762561390253,6.696774994568085,19.698037976222313,47.03815261044177,NA,NA,68.38151272762636,51.74463401210787,57.45544722958353,7.926665472779369,NA,NA,NA,1.0297792955638703,0.5583950228294168,1.4548717848602846,2.3577147656052455,0.5317382406547649,0.9763095796174917,0.7442855551874837,1.6945899556760509,NA,1.5320024653677937,1.5586363015549805,0.8400165126572181,1.3765473492325655,1.6146066971415338,NA,NA,2.137897432832337,22.048582068544313,2.333269023563705,1.0421883911846677,NA
3604308,109788,35.4,31954,48863,5436,14191,9344,20462,13908,28347,91800,19305,45656,5261,8846,29404,1951,1086100,38784,17590,33566,3586,65204.99109528955,3213,0.7,1941,2773,800,1509,1326.0757896892621,1792,1106.2662428186084,2290,5422,2234,2220.5012947530563,638,768,1594,62,63449,1155,1336.6349539047676,1376.414545113499,585,NA,NA,NA,109788,109788,109788,109788,109788,109788,109788,109788,NA,108962,83371,65237,48537,58113,NA,NA,48537,37592,48537,52123,NA,NA,NA,29.10518453747222,44.50668561227092,4.951360804459504,12.925820672568952,8.510948373228404,18.637738186322732,12.66805115313149,25.819761722592634,NA,17.717185807896332,54.76244737378705,8.064441957784693,18.225271442404765,50.59797291483833,NA,NA,79.90605105383521,46.79187061076825,69.15548962647053,6.879880283176333,NA,NA,NA,1.549235933494549,2.1640278654846816,0.7141240245839514,1.321387077053813,1.1818905908852526,1.5384046687703439,0.9369577118157224,1.9441571579499453,NA,1.98291990822254,2.0448803788291428,0.9336379950522765,1.5236120829740911,2.0336624227247335,NA,NA,1.469308867227821,14.702624304327102,2.3275305378328075,1.114383776920414,NA
3604309,98347,36.5,28345,51343,2637,9132,6890,19772,16158,33813,77928,17402,29683,4683,8788,23850,1679,1124100,32378,15175,26099,3315,62181.90515937093,3704,1.2,2322,2869,628,1193,1194.522498741652,1882,1184.1866406947852,2393,5080,2414,1487.0289170019525,702,780,1522,48,94614,1024,1218.8851463530107,1189.1652534446168,484,NA,NA,NA,98347,98347,98347,98347,98347,98347,98347,98347,NA,97036,69659,53560,40499,46421,NA,NA,40499,31241,40499,43814,NA,NA,NA,28.82141804020458,52.20596459475124,2.6813222569066673,9.2854891354083,7.005805972729214,20.10432448371582,16.42958097349182,34.3813232737145,NA,17.933550434890144,42.61186637763964,8.743465272591486,21.69930121731401,51.37760927166584,NA,NA,79.94765302846984,48.57398930892097,64.443566507815,7.566074770621262,NA,NA,NA,2.0967038538662623,2.155040374046353,0.6305194934328233,1.1615479919816145,1.1855937119713986,1.7574602781902586,1.0329300587014258,2.060055420076286,NA,2.3919108554355266,1.5858978479553525,1.2364851765367617,1.8450525827604365,2.252032074693708,NA,NA,1.500270126962453,18.24229478371201,2.435220373626372,1.0920018418826234,NA
3604310,124966,41.7,64599,2951,28570,24104,4742,25143,24422,47460,89272,18221,42068,4357,7126,23900,1840,1022100,29386,13431,21568,4463,31900.847467431064,3023,0.8,2584,620,1930,1954,674.4909191382787,1460,1083.5852527604832,2087,3346,1891,1597.3349680013896,483,577,1262,24,30608,1049,805.144707490523,1057.8133105609893,472,NA,NA,NA,124966,124966,124966,124966,124966,124966,124966,124966,NA,123973,91496,64084,49275,57828,NA,NA,49275,27698,49275,53738,NA,NA,NA,51.69326056687419,2.361442312308948,22.862218523438376,19.28844645743642,3.794632139942064,20.119872605348654,19.542915673063074,37.97833010578877,NA,14.697555112806821,45.977966249890706,6.798888958242307,14.461694571283612,41.32945977727053,NA,NA,59.63673262303399,48.490865766481335,43.77067478437341,8.305109978041608,NA,NA,NA,1.6467897150356279,0.49283532816337294,1.4420016405413083,1.4923839141700839,0.53187646389975,1.0621103845053355,0.7268924680788591,1.3946464674081593,NA,1.4824875458821172,1.4770547887064365,0.7335908448867763,1.134509173693907,1.8480891080698354,NA,NA,1.761317305350855,20.274737131608482,1.9591613789702207,0.8661082205273056,NA
3604311,181185,41,66681,3045,72643,32671,6145,39461,32513,100355,68567,33863,40386,6580,15610,35648,1747,1071000,40860,21483,27347,4721,49027.461527345244,3884,0.8,3141,685,2607,2871,1212.1984161019186,2176,1428.2989883074201,3221,3520,2487,1803.1100909262307,661,999,1813,21,20259,1302,1300.5591105366952,1296.7011991974096,494,NA,NA,NA,181185,181185,181185,181185,181185,181185,181185,181185,NA,180208,127994,88153,62339,77136,NA,NA,62339,38567,62339,67060,NA,NA,NA,36.80271545657753,1.6806026988989156,40.09327482959406,18.031845903358445,3.391561111571046,21.779396749179018,17.94464221651903,55.388139194745705,NA,18.79106365977093,31.553041548822602,7.464295032500312,25.040504339177723,46.21447832399917,NA,NA,65.54484351689953,55.70306220343817,43.86820449477855,7.0399642111541905,NA,NA,NA,1.5436705466786964,0.37634619486528453,1.1539667820685315,1.5366982527702078,0.6650770102102929,1.106518998505082,0.6880834704798185,1.3231006938933645,NA,1.3199777586832584,1.2689325253091075,0.7283196794152016,1.5065407732361384,2.0032205793769364,NA,NA,1.5223142658556776,16.89375064050402,1.846838640487201,0.7240397741153559,NA
3604312,196315,28.5,118049,6026,36438,25677,10125,71801,24298,58001,66966,50064,34416,5615,16260,22925,1816,1068800,37847,20629,28210,7161,54156.45137526853,5259,0.6,4705,1398,2828,2819,1599.3726895254902,3522,1283.942755733292,2993,3090,4278,1727.9380775942175,790,1023,1619,29,29749,1329,1293.588419861588,1369.5970210247976,681,NA,NA,NA,196315,196315,196315,196315,196315,196315,196315,196315,NA,194659,107331,78560,55111,70315,NA,NA,55111,35806,55111,62272,NA,NA,NA,60.13244021088557,3.0695565799862465,18.56098617018567,13.079489595802665,5.157527443139852,36.574383006902174,12.377047092682679,29.544864121437485,NA,25.718821117954988,32.06529334488638,7.147403258655804,29.504091742120448,32.603285216525634,NA,NA,68.67413039139191,57.61324917611574,51.1876032008129,11.49955035971223,NA,NA,NA,1.7745684345388009,0.7073573727012293,1.3520100013917589,1.3925541938181734,0.8028962949303797,1.50288871109517,0.5637464493439646,1.3030578206833958,NA,2.087147221187836,1.3610875619821499,0.9749756437574889,1.7249248767486112,1.9760019801900681,NA,NA,1.807558132844386,18.79220562449525,2.1818317439767,1.0658224982281521,NA
3604313,111396,46.1,59138,14949,13972,17851,5486,23048,29675,61592,45806,26289,31507,4589,17593,15900,1363,609300,33901,20396,26364,2948,34047.78307638723,4201,1.6,2555,2450,1587,2303,1315.000380228082,2261,1447.4166642677567,2593,2593,2680,1719.2582703014693,669,1101,1228,61,44215,1175,1288.8083643428142,1177.0004248087594,464,NA,NA,NA,111396,111396,111396,111396,111396,111396,111396,111396,NA,109642,80947,45327,46711,39120,NA,NA,46711,32217,46711,49659,NA,NA,NA,53.08808215734856,13.419691909942907,12.542640669323854,16.024812381054975,4.924772882329707,20.69015045423534,26.63919709863909,55.29103378936407,NA,23.977125554075993,38.92299899934525,10.124208529132746,37.663505384170755,40.644171779141104,NA,NA,72.57605274988761,63.30819132755998,56.44066708055918,5.936486840250509,NA,NA,NA,1.1191017064983597,2.1403419162221367,1.3438301236778354,1.9770992605197582,1.1657719905972228,1.8737232707209037,0.8240273053433814,1.034637356432984,NA,2.266518197818483,1.766945562576867,1.3914236515955347,2.1886785577439496,2.4581649794326923,NA,NA,1.8669983257004266,22.874588767481573,2.1518408238588016,0.9252755890286055,NA
3604314,154853,37.9,55365,46336,19164,23021,10967,33055,24966,64207,80606,25313,48679,4796,12615,37402,1770,914900,45313,22551,32807,5226,54544.52075264922,4380,0.9,2381,3194,1974,2249,1371.3274590702251,2135,1324.7403519180655,2595,2939,2312,2210.0404973665077,687,862,2221,30,34520,1409,1300.3791754715237,1398.7097626026637,653,NA,NA,NA,154853,154853,154853,154853,154853,154853,154853,154853,NA,153819,110931,81274,59557,74570,NA,NA,59557,43227,59557,64783,NA,NA,NA,35.75326277179002,29.922571729317482,12.375607834526939,14.866357125790266,7.082200538575294,21.34605077073095,16.122387038029615,41.46319412604212,NA,16.456354546577472,43.882233099854865,5.901026158427049,21.1813892573501,50.156899557462786,NA,NA,76.08341588730124,52.16878339926435,55.08504457914267,8.066931139342111,NA,NA,NA,1.158228489339746,1.8809584235121553,1.225755444802821,1.3901409207038393,0.862613212615593,1.2394954137128884,0.7238067182003276,1.197009114136662,NA,1.428224200480639,1.6112773340093038,0.8226557606069131,1.349356229803248,2.4011234692586867,NA,NA,1.435572744514928,14.155474722594452,1.9136231980759157,0.9944266632442897,NA
3604315,152473,42.1,93700,7454,28266,14722,8331,33957,32487,74015,71850,25492,45926,4741,12266,22932,1705,834200,32203,16751,23932,5011,33835.20176043052,3966,1.2,3159,1024,1492,1894,1283.2825098161356,2255,1306.2338994223048,2602,3224,2199,1746.9911276248658,555,715,1327,27,18870,1107,984.9664968921531,1133.66308928182,492,NA,NA,NA,152473,152473,152473,152473,152473,152473,152473,152473,NA,151218,108976,68988,58709,62242,NA,NA,58709,30170,58709,63720,NA,NA,NA,61.453503243197154,4.888734398877178,18.538364169393926,9.655479986620582,5.463918201911158,22.270828277793445,21.306723157542645,48.54302073153936,NA,16.857781481040618,42.143224196153284,6.872209659650954,20.892878434311605,36.84328909739404,NA,NA,54.851896642763464,55.522041763341065,40.76376705445502,7.864092906465788,NA,NA,NA,1.3181051864879607,0.6594458543681214,0.8514737303386237,1.2165329592228542,0.829559306892156,1.3607781374952874,0.6532845193258491,1.148015227792973,NA,1.3862367389107366,1.3401091542117616,0.7770013311790656,1.1402777765924819,1.8214094443023212,NA,NA,1.5146557221169732,21.343449702723582,1.7413118408564088,0.7556658855106777,NA
3604316,101832,36.4,5584,63687,1852,23506,7203,22909,14254,33009,44098,33027,14360,6243,16418,23975,1210,668300,32862,16677,27323,2234,53759.05772146762,3516,1,1189,2933,673,2717,1634.7617563424953,1905,1244.8184606600273,2836,3432,3173,1353.4319340107209,1109,1198,1705,56,65512,1228,1377.3703205746813,1191.0272876806812,471,NA,NA,NA,101832,101832,101832,101832,101832,101832,101832,101832,NA,101441,70832,46264,39052,38757,NA,NA,39052,30698,39052,41286,NA,NA,NA,5.483541519365229,62.54124440254537,1.8186817503338832,23.083117291224763,7.073415036530757,22.496857569329876,13.997564616230655,32.41515437190667,NA,32.557841503928394,20.273322791958435,13.494293619228774,42.04138072313838,61.85979306963903,NA,NA,84.14933934241525,54.32601472408626,69.96568677660555,5.411035217749358,NA,NA,NA,1.152156592389363,1.9059860487499989,0.6579024906353562,2.546301910095236,1.5866654588942195,1.7018428934889227,1.122826973654572,2.5501905107140668,NA,2.923672963305291,1.7724193517974534,2.3111586709562237,2.809161744317866,3.0219790312869343,NA,NA,1.9495443645634845,20.773301457931144,2.256856209249129,1.13130538025286,NA
3604317,148116,40.5,7277,111307,3035,11284,15213,27496,27636,70295,70105,24485,30792,8029,12462,39024,1708,724700,39641,21470,31852,8282,44964.673161184925,3922,1.1,1290,4139,455,1705,2188.6198847675673,2205,1271.9351398558026,2697,5081,2720,1391.9579735035106,959,1160,1980,32,22584,1402,1379.6532172977381,1535.5406214099319,646,NA,NA,NA,148116,148116,148116,148116,148116,148116,148116,148116,NA,145947,108393,77462,57133,67470,NA,NA,57133,38069,57133,65415,NA,NA,NA,4.913041129925194,75.14853223149423,2.049069648113641,7.618353182640633,10.271003807826299,18.563828350752114,18.65834886170299,47.459423694941805,NA,16.7766380946508,28.407738507099168,10.36508223386951,21.81226261530114,57.83903957314362,NA,NA,69.38371869147429,56.3975938427592,55.750616981429296,12.660704731330734,NA,NA,NA,0.86116803219515,1.9619476118624393,0.3023620435564881,1.1333110806398572,1.4523947089049023,1.4052026191577356,0.7023848594768625,1.3176869453854507,NA,1.8087392987547568,1.1011712416546966,1.1899620330078942,1.9608018139690282,1.9815984156913127,NA,NA,1.792506341621537,17.361865174220927,2.325974430683385,0.950300041043715,NA
3604318,181186,42.2,37047,103745,10773,15764,13857,38221,37980,72515,89779,20389,43860,6444,10207,33335,1736,775100,25618,12418,20261,11295,13949.375968823133,4116,1,2034,4195,1095,1782,1832.3836934441433,1907,1436.8183601276814,2641,2857,1893,1722.5170536165963,678,597,1953,31,12748,1103,906.7651294574576,1067.421659888912,673,NA,NA,NA,181186,181186,181186,181186,181186,181186,181186,181186,NA,179981,128581,87426,63780,78804,NA,NA,63780,23574,63780,75075,NA,NA,NA,20.446944024372744,57.25883898314439,5.945823628757188,8.700451469760356,7.647941893965317,21.09489695671851,20.961884472310224,40.0224079123111,NA,11.328417999677743,34.11079397422636,7.370805023677167,16.003449357165255,42.30115222577534,NA,NA,40.166196299780495,52.67667769576652,31.767011602383192,15.044955044955046,NA,NA,NA,1.0220002151342154,1.9153770747651657,0.5890639193368387,0.963455368755599,0.9962922177564167,0.9370868624538115,0.6341159047426927,1.13930982366025,NA,1.0192115834505702,1.0940868057213018,0.7397268879323362,0.8859378689437197,2.096185319015781,NA,NA,1.554299102126462,25.897771782333507,1.5624726211484954,0.8629623271794956,NA
3604401,176862,36.5,82051,10543,27504,46528,10236,26913,23383,65443,89683,22866,72136,8327,10719,51828,2134,792500,66294,28693,48209,15774,26452.30720961473,4027,0.5,2862,1093,2031,2582,1211.8787068019637,1696,1269.0654041459013,2385,3330,1860,2408.378292544591,837,856,1961,23,57158,1384,1309.8560989666003,1472.4690149541348,965,NA,NA,NA,176862,176862,176862,176862,176862,176862,176862,176862,NA,176027,138013,107999,81743,96984,NA,NA,81743,63786,81743,97517,NA,NA,NA,46.39266772964232,5.961144847395144,15.551107643247278,26.30751659485927,5.78756318485599,15.216948807544865,13.221042394635365,37.002295575081135,NA,12.990052662375659,52.26754001434647,7.710256576449782,13.113049435425664,53.4397426379609,NA,NA,81.10052236888785,44.98322515912583,58.97630378136354,16.175641170257492,NA,NA,NA,1.2258831261765812,0.6029065309069376,1.0924000184994953,1.3313500789372752,0.672420493665872,0.8941582424857492,0.6513457538745265,1.052925044372576,NA,1.013398404610582,1.2962057654435302,0.7461641865754554,1.0191254694898,1.2339530499968938,NA,NA,0.8055443889540506,8.339523178796838,1.4394608574914582,0.9601040580856273,NA
3604402,124290,37.9,36827,2626,42373,37452,5012,20154,16391,62204,95141,12514,50180,3991,5171,38360,2169,775800,42175,19332,32382,7422,26385.488992840452,4348,0.6,1829,550,2603,2994,616.8314194332193,1537,1174.7344380752613,2942,4513,1401,1893.8907043438383,581,708,2086,47,46963,1441,1209.8702409762793,1394.5981500059436,980,NA,NA,NA,124290,124290,124290,124290,124290,124290,124290,124290,NA,123604,97725,75974,55711,70671,NA,NA,55711,41041,55711,63133,NA,NA,NA,29.629897819615415,2.1128007080215623,34.09204280312173,30.132754042964034,4.032504626277254,16.215302920588947,13.187706171051573,50.04746962748411,NA,10.124267823047798,51.34817088769506,5.253112907047147,9.281829441223456,54.27969039634362,NA,NA,75.70318249537793,47.10411539679832,58.12496634416902,11.756133876102831,NA,NA,NA,1.044548609231733,0.4362972272323613,1.7215410330341476,2.1659951160182898,0.4758126553498452,1.098845131409983,0.8249144619750494,1.5929895040527549,NA,1.0761083203404629,1.0819616741593037,0.7393138573563233,1.245288879335789,2.1222497637004305,NA,NA,1.5533667979553896,13.480777376043282,1.9351467242615037,1.5259783844665533,NA
3604403,161589,39.1,17594,9956,28996,99585,5458,34167,23924,92722,78474,23164,29980,7241,11379,40576,1886,642400,33794,18006,25060,5854,54909.167707186505,5127,0.9,1659,1277,2486,4578,1384.7328262159456,2288,1523.8812289676646,3823,2754,2398,1814.1868701983267,885,966,2357,38,32685,1476,1252.9265740656951,1403.2448111430876,570,NA,NA,NA,161589,161589,161589,161589,161589,161589,161589,161589,NA,160203,115496,86669,53966,77372,NA,NA,53966,32310,53966,59820,NA,NA,NA,10.888117384227886,6.161310485243426,17.94429076236625,61.62857620258805,3.3777051655743895,21.144384828175184,14.805463243166304,57.38138115837093,NA,14.45915494716079,25.957608921521093,8.354775063748283,21.085498276692732,52.442744145168795,NA,NA,62.6209094615128,55.7288765088208,46.436645295185855,9.786024740889335,NA,NA,NA,0.9668108083866132,0.7657158074262709,1.4292431639110017,2.050116610083166,0.8502196971460662,1.2469148954412888,0.817734836349617,1.5108529337411865,NA,1.4230001738785973,1.3188959341762299,0.9719701660415337,1.6974730044325668,2.3094088865921454,NA,NA,2.1526550583514754,20.145389866889253,2.2794508958683153,0.9264812517055725,NA
3604404,167356,37.8,8833,9701,57680,87619,3523,36934,23460,106167,71309,28386,29402,5542,13884,48211,1965,720400,39900,22172,31018,3218,38452.158505983665,4277,0.7,1264,1524,3178,4540,790.1303689898269,2018,1436.999652052846,3688,2604,2762,1632.7752447902926,744,1056,2292,41,56991,1238,1487.6195750258196,1566.0692832694217,478,NA,NA,NA,167356,167356,167356,167356,167356,167356,167356,167356,NA,165069,117969,86191,53471,78613,NA,NA,53471,38570,53471,56689,NA,NA,NA,5.277970314778078,5.796625158345084,34.465450895097874,52.354860297808266,2.105093333970697,22.069122110949113,14.018021463228088,63.43782117163412,NA,17.196445122948585,24.9234968508676,6.429905674606397,25.965476613491425,61.32700698357778,NA,NA,74.61988741560846,57.48509204044594,58.00901423201361,5.676586286581171,NA,NA,NA,0.743133929168153,0.8985032243574519,1.6823110904491463,2.3598602621098403,0.46905034927869826,1.0657779650166102,0.7803428378976146,1.4925897208889827,NA,1.6099097823604993,1.2555380436538608,0.8355521861228695,1.8467785661571183,1.8304319534195619,NA,NA,1.1474280729736088,17.51202887448359,2.4767099549628044,0.8313938218649506,NA
3604405,177081,39.5,82003,3495,17828,67797,5958,33587,28545,70438,88685,20091,43364,6260,8065,37136,2006,867000,38174,17612,23351,5352,22547.01144546879,5147,0.6,2665,706,1811,3902,1081.1313518717325,2174,1417.4163114625146,2995,3393,1845,1862.3579140433774,736,750,1718,39,9997,1194,1110.742094277515,1130.271206392519,483,NA,NA,NA,177081,177081,177081,177081,177081,177081,177081,177081,NA,175890,128924,96755,65718,88161,NA,NA,65718,35983,65718,71070,NA,NA,NA,46.30818664904761,1.9736730648686194,10.067709127461445,38.285869178511525,3.3645619801107967,18.967026389053597,16.119741813068597,39.7772770652978,NA,11.422479959065324,33.635320033508116,6.469949873391556,12.272132444687909,42.122934177243906,NA,NA,58.087586353814785,48.945335297223686,35.53212209744667,7.530603630223723,NA,NA,NA,0.6732265847438473,0.3945388526466982,0.9799371413192962,1.901872257762929,0.6026461636508689,1.0969467892240143,0.6489769773193408,1.2344429755027162,NA,0.9949668909226818,1.1687544800225564,0.7327211882123572,1.1125376842103114,1.361975961754575,NA,NA,1.3607638170172098,15.892709879742165,1.5542536361864943,0.6649738952901395,NA
3604406,123365,44.1,50681,4631,36082,23454,8517,23683,26241,58600,99373,12432,54092,2893,6720,27467,2108,515300,28056,13228,24438,3194,44009.081747703225,4222,1,2972,1015,2258,1965,1259.2807470933556,1893,1374.2259639520714,2506,4145,1637,2305.2015096299065,475,699,1324,43,39805,1111,1068.5260876553273,1236.4141700902655,497,NA,NA,NA,123365,123365,123365,123365,123365,123365,123365,123365,NA,122749,94223,65391,53629,61535,NA,NA,53629,26503,53629,56823,NA,NA,NA,41.08215458193167,3.753901025412394,29.248166011429497,19.01187532930734,6.903903051919102,19.197503343736066,21.271025007092774,47.501317229360026,NA,10.127984749366593,57.40848837332711,4.424156229450536,12.530533852952694,44.63638579670106,NA,NA,52.31497883607749,49.91133079274044,45.568628913461,5.620963342308572,NA,NA,NA,1.9562806127789971,0.8126695226867611,1.532380169057452,1.4538803968840799,0.9930547159302863,1.3867013560926689,0.8431750359664739,1.2180591917546368,NA,1.2875821965133438,1.6774444201999739,0.7035100072393673,1.2577757225428814,1.0667080546627161,NA,NA,1.5016413205770398,21.95759472933319,1.9416435326725336,0.8654612580980874,NA
3604407,249029,47.6,55659,4410,135604,45595,7761,40579,59359,145109,72104,39657,64027,8786,13506,33162,1884,808900,46941,26936,30918,5725,21056.15425336319,5799,1,2471,775,4310,3815,1347.3785659568732,2399,2213.5049130282046,4341,2718,3171,2297.658590826757,923,1118,2050,33,18131,1751,1727.1725449415874,1669.234854656468,671,NA,NA,NA,249029,249029,249029,249029,249029,249029,249029,249029,NA,246469,193337,124235,94645,109577,NA,NA,94645,42927,94645,100370,NA,NA,NA,22.35040898851138,1.7708780905035157,54.45309582418112,18.309112593312424,3.1165045034915613,16.294889350236318,23.836179722040406,58.26992037071987,NA,16.090055950241208,33.116785716132966,7.072081136555721,14.270167467906386,30.263650218567765,NA,NA,49.596914786835015,62.74838679618888,32.667335833905646,5.703895586330577,NA,NA,NA,0.8448003286189403,0.3084645018785437,1.177933316237543,1.4714255816836856,0.5361636637079812,0.885463010964931,0.6942409200522595,1.094288661087001,NA,1.2298545310561482,0.9783189409332548,0.7167220915521589,1.1522675731669636,1.6909721656435437,NA,NA,1.6141970062070947,17.22986820164012,1.6601420728141227,0.661079395415519,NA
3604408,151100,40.8,43379,18712,48145,30517,10347,30410,29311,69642,86709,17717,48642,5680,8500,22136,1876,790600,29190,13573,15558,2927,20849.031050654277,5079,1,3185,2055,2826,2689,1537.9723664617645,2130,1534.6934547328988,3537,3827,2594,2242.2713930298446,785,700,1491,42,23987,1487,1128.7639257169765,1269.2367785405527,501,NA,NA,NA,151100,151100,151100,151100,151100,151100,151100,151100,NA,146232,106600,75226,56247,66459,NA,NA,56247,27434,56247,59174,NA,NA,NA,28.70880211780278,12.383851753805427,31.86300463269358,20.196558570483123,6.847782925215089,20.125744540039708,19.39841164791529,46.090006618133685,NA,12.115679194704306,45.630393996247655,7.5505809161726,15.111917080022046,33.30775365262794,NA,NA,51.89610112539336,49.47510388568929,27.660141874233293,4.946429174975496,NA,NA,NA,1.8740085363519006,1.2947570342639225,1.5332531686676618,1.6450409105987152,0.9914827782225232,1.2367297452236448,0.7787425045555655,1.7548044365934001,NA,1.7235411622205432,1.5480080997661516,1.0039757415365538,1.1844176838254397,1.836204272423548,NA,NA,2.295164158622279,21.07508627965376,2.1454552248636216,0.8383880159045405,NA
3604409,146302,40.1,24011,8434,38216,59947,15694,29670,22615,75959,87192,17447,32403,5636,8248,31368,1944,700100,23413,12178,15759,2609,30845.606420586875,4210,0.9,2047,1225,2614,3107,1557.1210614464117,1787,1263.191988574975,3185,2889,1669,1533.7199874814178,643,700,1613,37,18472,1025,899.215769434678,980.987257817348,391,NA,NA,NA,146302,146302,146302,146302,146302,146302,146302,146302,NA,145073,104173,76002,46765,68664,NA,NA,46765,21909,46765,49374,NA,NA,NA,16.41194242047272,5.764787904471572,26.121310713455728,40.97483287993329,10.72712608166669,20.27996883159492,15.457751773728315,51.91931757597299,NA,12.026359143327841,31.104988816679946,7.415594326465093,17.63712177910831,45.683327507864384,NA,NA,50.06521971559927,55.584463006070564,33.698278627178446,5.2841576538259005,NA,NA,NA,1.317045954542824,0.8207117167765919,1.620908490022322,1.7662927307427023,1.0185726328523272,1.0730176372987434,0.7400165853718259,1.5834153882149704,NA,1.095525743492904,1.1558825072910717,0.8097789505134296,1.4246175876142742,1.7303623848025733,NA,NA,1.7617417339693415,29.36621904473145,1.9052588854628825,0.782823385579132,NA
3604410,136010,42.3,27096,16983,31602,35520,24809,27438,25779,61422,97239,14236,23745,6142,7327,19300,1988,703400,13016,6890,8306,2408,22122.49785268265,4230,1,2307,1507,2625,3007,2689.315898142128,1948,1492.7116265374234,2750,4241,1699,1456.0480761293563,1049,781,1232,72,19304,789,738.346801984,751.4692275802117,455,NA,NA,NA,136010,136010,136010,136010,136010,136010,136010,136010,NA,135088,98160,66020,41712,58262,NA,NA,41712,12213,41712,44120,NA,NA,NA,19.922064554076908,12.486581868980222,23.235056245864275,26.115726784795235,18.24057054628336,20.173516653187267,18.953753400485258,45.159914712153515,NA,10.538315764538671,24.190097799511,9.303241441987277,17.565688530878404,33.12622292403282,NA,NA,31.20444955887994,56.415295177270124,19.912734944380514,5.457842248413418,NA,NA,NA,1.5789868803085843,1.0377236436713309,1.7896179257815341,2.0562677541714263,1.8941659335491274,1.2875133022282503,0.9257588911293204,1.4544731958499895,NA,1.2152754300544242,1.3040017169021367,1.5495261670458913,1.8088738885883526,1.6697326990750057,NA,NA,1.6853413557895436,53.28698901420662,1.7161856001128049,1.0224742938587184,NA
3604411,120166,46.5,41957,2692,54164,16952,4401,22892,27572,50972,106192,10681,43473,3232,3708,12117,2330,900700,14098,6408,5533,2516,12895.144772556563,3349,1.1,1878,699,2692,2171,882.0283442157627,1779,1357.862290514027,2289,4677,1444,1798.5449674667575,449,365,1025,55,17966,891,721.230892294555,552.6997376514666,507,NA,NA,NA,120166,120166,120166,120166,120166,120166,120166,120166,NA,119306,90790,61265,45292,56522,NA,NA,45292,12561,45292,47808,NA,NA,NA,34.91586638483431,2.2402343424928848,45.07431386581895,14.107151773380158,3.662433633473695,19.050313732669807,22.94492618544347,42.417988449311785,NA,8.952609256868891,47.88302676506223,5.2754427487146005,8.186876269539875,21.437670287675594,NA,NA,31.126909829550474,51.015046572725105,12.216285436721718,5.2627175368139225,NA,NA,NA,1.2229243897999102,0.5783349703706739,1.8548809360291494,1.763368916227364,0.7268765820331834,1.3819745463767648,0.9316397640955361,1.4936401330050595,NA,1.1839718352572453,1.6298605960020511,0.7072553037074614,0.7825957950239564,1.6286205975145047,NA,NA,1.8262831955752326,46.90149349856281,1.1860773739239387,1.0546478004748856,NA
3604412,253804,38.7,5196,138258,39483,43490,27377,56409,38736,117034,77558,33914,41357,11347,16314,47926,1703,650800,42293,23667,26055,5127,26614.78426503496,5748,0.7,958,4111,2735,3069,2345.222590715005,1996,1528.02388724784,4069,2253,2332,1922.3313970280983,1001,1154,1848,36,7291,1571,1465.1453852775157,1220.3069286044392,532,NA,NA,NA,253804,253804,253804,253804,253804,253804,253804,253804,NA,251231,174536,127132,80302,112304,NA,NA,80302,40302,80302,85429,NA,NA,NA,2.047249058328474,54.47431876566169,15.556492411467117,17.135269735701566,10.786670028841153,22.2254180391168,15.262170808970701,46.111960410395426,NA,13.499130282489023,23.695398084062887,8.925368907906742,20.315807825458894,42.675238637982616,NA,NA,52.66743045005106,58.72413279737978,32.44626534831013,6.001474908988751,NA,NA,NA,0.3745981841253908,1.0495632329194517,1.0183827551537865,1.1452374538635506,0.8911520681039099,0.6042505849605256,0.4929400441174178,1.2164179406420697,NA,0.87488428294244,0.960356049267288,0.751424538275341,1.3782919336474762,1.1895880269222185,NA,NA,1.647759032049691,17.091380306782046,1.3737519711815123,0.6129700724758105,NA
3604413,204843,44.2,17799,105603,38667,27828,14946,36314,44459,92317,109756,17436,53978,7407,7996,26786,2002,667700,17474,8745,9892,3420,16163.55135019173,4670,0.8,1499,3074,2019,2456,1935.50226039651,2215,1810.1309344906517,3464,3633,2132,1727.8674717697536,733,721,1599,76,7852,1133,914.2619974602467,959.4884053494342,447,NA,NA,NA,204843,204843,204843,204843,204843,204843,204843,204843,NA,202397,152021,106354,65099,96172,NA,NA,65099,16579,65099,68519,NA,NA,NA,8.68909359851203,51.55314069799798,18.87640778547473,13.585038297623058,7.296319620392203,17.72772318312073,21.70393911434611,45.06719780514833,NA,8.6147521949436,35.50693654166201,6.96447712356846,12.282830765449546,27.852181508131263,NA,NA,26.842194196531437,52.74745159539176,15.195317900428577,4.991316277236971,NA,NA,NA,0.7044578467171237,0.933081533623254,0.8867225084630925,1.158275011028673,0.9301139641873205,1.0029468160847888,0.732144743460782,1.3431388519827547,NA,1.0345572981763798,0.8455344390840563,0.6620760056502935,1.0800415333011137,1.455832993949855,NA,NA,1.6558253616478507,36.879660878016736,1.4423164602529188,0.6457493558159791,NA
3604414,131255,39.4,45383,43694,5050,30221,6907,34525,23763,36874,67413,25840,26946,5326,12354,15334,1439,688000,28890,14858,18311,3657,7190.566516904095,4332,0.8,2902,3070,1687,3248,1371.5469368563367,2485,1274.3822032655667,2481,4531,2448,1589.4967757123636,764,1051,1462,72,25011,1036,1190.2104855864782,1048.4393163173536,480,NA,NA,NA,131255,131255,131255,131255,131255,131255,131255,131255,NA,127478,86442,56123,46703,49158,NA,NA,46703,27096,46703,50360,NA,NA,NA,34.57620662070016,33.2893984991048,3.8474724772389624,23.024646680126473,5.262275722829607,26.30375985676736,18.104453163689,28.09340596548703,NA,20.270164263637646,31.17234677587284,9.489870463089998,26.452262167312593,31.193295089303877,NA,NA,61.85898122176305,54.83466194272217,39.207331434811465,7.261715647339158,NA,NA,NA,1.8936981300522016,2.0648458780651557,1.2789961070666156,2.3550023953075914,1.0304138890588619,1.6824888323577136,0.7652764673080049,1.6471775574582916,NA,1.7925981739741768,1.6320648012879833,1.2980180042953453,2.164050511382299,2.6482473110331575,NA,NA,1.6841593753714528,23.606687170759734,2.049946017007378,0.9397980684779692,NA
3604501,182594,38.6,60973,37944,19822,56602,7253,40075,27297,49269,86689,29305,40313,5748,12671,22972,1647,615400,27794,14511,15613,6872,13492.2942037316,4399,0.8,2821,1100,1585,2498,1073.6046758467476,1532,1221.3525289612332,2226,4039,2177,1937.4008361720091,575,801,1654,45,9921,1327,1151.5767451629092,1056.8088758143547,592,NA,NA,NA,182594,182594,182594,182594,182594,182594,182594,182594,NA,180244,126213,87732,63271,79502,NA,NA,63271,25810,63271,70143,NA,NA,NA,33.39266350482491,20.780529480705827,10.855778393594532,30.998828000920074,3.9722006199546533,21.947599592538637,14.949560226513467,26.982814331248562,NA,16.258516233550075,31.94044987441864,6.551771303515251,20.026552448989268,28.894870569293854,NA,NA,43.9284980480789,56.222394420767145,24.67639202794329,9.797128722752092,NA,NA,NA,1.3189755022967202,0.33508583698037164,0.8277099864283859,1.1462386595374994,0.5801337163502924,0.6514388269522361,0.5636470689155362,1.031319417329743,NA,1.1401049800493102,1.3250814569217748,0.6188766666504999,1.1815757770867097,1.8346711860794649,NA,NA,1.8452015615801283,25.361883724772145,1.5735960086858651,0.8236999895538539,NA
3604502,141510,41.6,84028,4520,28742,19325,4895,30295,27676,45351,92961,15648,36347,3665,5644,14467,1779,699500,14828,7442,7029,3452,6286.5766209914655,3891,0.8,3418,942,1556,1815,890.7311603396391,1563,1196.727621474494,2306,4538,1832,1841.8973912788954,538,541,1233,74,11804,961,792.9369457907735,680.4145795028205,564,NA,NA,NA,141510,141510,141510,141510,141510,141510,141510,141510,NA,139258,100696,66784,48319,61835,NA,NA,48319,13481,48319,51771,NA,NA,NA,59.379549148470076,3.194120556851106,20.310932089604975,13.656278708218501,3.459119496855346,21.408381033142533,19.55762843615292,32.047911808352765,NA,11.236697353114364,36.09577341701756,5.487841399137518,11.680705312609946,23.396134875070754,NA,NA,30.68772118628283,55.203619909502265,14.547072580144457,6.667825616657974,NA,NA,NA,1.7799663707970454,0.6598581888538566,0.9471838287564864,1.2263978158226239,0.6222199644812102,0.9345825847922413,0.6526817368510169,1.3707577815283718,NA,1.2778660455024191,1.5675007051854872,0.7773636625573112,1.0892966549000203,1.7576154539105222,NA,NA,1.8689343371752327,47.30020475661625,1.370759421097147,1.0811948904243607,NA
3604503,170852,41.9,129944,1170,14216,21014,4508,36419,30282,32841,114562,11333,47404,3948,4488,14089,1892,711200,12467,6705,4593,3520,7697.320662753928,3734,0.7,3281,496,1344,2106,829.6011089674362,1450,1357.2973145188198,2225,4247,1438,2055.170065955613,556,689,1100,106,9484,1225,1001.8038730210619,595.4040644805845,584,NA,NA,NA,170852,170852,170852,170852,170852,170852,170852,170852,NA,170507,120572,85314,59187,79816,NA,NA,59187,11186,59187,62707,NA,NA,NA,76.05646992718845,0.6848032215016505,8.320651792194415,12.29953409968862,2.6385409594268725,21.31610984946035,17.724112097019642,19.221899655842485,NA,6.646647938207815,39.31592741266629,4.627610943104297,7.5827462111612345,17.65184925328255,NA,NA,21.063747106628146,59.94099767566601,7.760150032946424,5.613408391407658,NA,NA,NA,0.9616873594127584,0.2899236973008583,0.7653380802126196,1.2029786720156856,0.4821307621784473,0.7093931156608638,0.6935895358187745,1.2326777679097476,NA,0.8307657957313372,1.4953393528302734,0.6387520845860917,1.1517578907492216,1.292076821663612,NA,NA,2.0156941482209696,62.065707517385796,0.9909717550221264,0.925141025543404,NA
